{
  "version": "2023.1",
  "applications": [],
  "platforms": [
    {
      "name": "hw_pcam"
    }
  ],
  "systems": [
    {
      "name": "pcam_hdmi_system",
      "platform": "C:/Temp/Zybo-Z7/sw/ws/hw_pcam/export/hw_pcam/hw_pcam.xpfm",
      "sysConfig": "hw_pcam",
      "buildConfig": "Debug",
      "applications": [
        {
          "name": "pcam_hdmi",
          "platform": "C:/Temp/Zybo-Z7/sw/ws/hw_pcam/export/hw_pcam/hw_pcam.xpfm",
          "platformPath": "C:\\Temp\\Zybo-Z7\\sw\\ws\\hw_pcam\\export\\hw_pcam",
          "sysConfig": "hw_pcam",
          "domain": "standalone_domain",
          "system": "pcam_hdmi_system"
        }
      ],
      "platformPath": "C:\\Temp\\Zybo-Z7\\sw\\ws\\hw_pcam\\export\\hw_pcam"
    }
  ],
  "others": []
}